LOC_LAT_DEG,LOC_LONG_DEG
29.9859,-83.1509
39.76682,-94.057891
41.405205,-82.117605
45.15716,-81.41089
40.149001,-82.979665
